,Age,Gender,Height,Weight,Label,BMI
89,-0.14450008605271977,True,1.2047866471229742,-0.3304307603099649,0,20.0
69,-1.0792350177062504,False,-0.23695249846462937,-1.0267531430119397,0,13.3
47,0.6276722487915011,False,-1.678691644052233,0.8881334094184911,2,27.5
76,0.34318770437520923,True,1.565221433519875,0.8881334094184911,2,26.1
95,-0.9979537193015955,True,0.4839170743291724,-1.374914334362927,0,8.3
11,-0.957313070099268,False,-0.23695249846462937,-0.3304307603099649,0,20.0
42,-0.38834398126668424,True,0.8443518607260734,0.8881334094184911,2,26.1
36,0.5057503011845189,True,1.565221433519875,1.9326169834714533,3,30.8
0,-0.8760317716946132,True,0.303699681130722,0.7140528137429973,1,25.3
77,0.5463909503868463,False,-1.678691644052233,0.36589162239200995,1,23.4
62,-0.42898463046901164,True,0.8443518607260734,0.5399722180675036,1,24.2
56,2.456501462896235,True,1.565221433519875,1.5844557921204658,3,28.9
67,0.5870315995891737,False,-1.678691644052233,0.5399722180675036,2,25.0
80,-0.9166724208969407,True,0.4839170743291724,-0.5045113559854586,0,18.7
79,-1.1198756669085776,False,-0.23695249846462937,-1.2008337386874335,0,10.0
22,1.2779226360287397,True,0.4839170743291724,1.0622140050939848,2,27.3
10,-1.160516316110905,True,0.303699681130722,0.36589162239200995,1,23.4
