,Predicted_BMI,Predicted_Label
0,19.962952861893562,1
1,13.384322339435812,0
2,28.39052279863205,2
3,26.751360921655053,3
4,7.832600685514715,0
5,19.969700492883085,0
6,26.966142655991227,1
7,36.43324314403518,3
8,25.310854548147447,1
9,23.076242441364727,2
10,24.225947532901216,1
11,29.44933839153815,3
12,25.32936366156149,2
13,18.71511551849935,0
14,9.10131020328176,0
15,26.71176498655445,1
16,22.66677441608783,1
